city,guild,output,complete,n_cells,ref_value,grand,pct_d0,pct_contrast,pct_interaction
Kourou,ground_mammal,connected_habitat_pct,True,9,69.9,78.2,0.5,99.4,0.2
Kourou,ground_mammal,n_subnetworks,True,9,2.0,2.0,25.0,58.3,16.7
Kourou,ground_mammal,ec_real_ha,True,9,4515.7,5052.222,0.5,99.4,0.1
Kourou,ground_reptile,connected_habitat_pct,True,9,45.4,48.833,8.1,89.6,2.3
Kourou,ground_reptile,n_subnetworks,True,9,4.0,5.333,39.6,52.1,8.3
Kourou,ground_reptile,ec_real_ha,True,9,852.4,916.544,8.1,89.5,2.3
Kourou,arboreal_mammal,connected_habitat_pct,True,9,81.8,79.356,27.3,64.8,8.0
Kourou,arboreal_mammal,n_subnetworks,True,9,1.0,1.222,25.0,25.0,50.0
Kourou,arboreal_mammal,ec_real_ha,True,9,3732.9,3621.333,27.2,64.8,8.0
Kourou,forest_edge_bird,connected_habitat_pct,True,9,68.7,71.578,13.7,83.1,3.2
Kourou,forest_edge_bird,n_subnetworks,True,9,1.0,1.556,39.1,20.3,40.6
Kourou,forest_edge_bird,ec_real_ha,True,9,3134.5,3267.056,13.7,83.0,3.2
Perpignan,ground_mammal,connected_habitat_pct,True,9,64.4,69.211,6.7,92.1,1.3
Perpignan,ground_mammal,n_subnetworks,True,9,1.0,2.333,35.2,26.7,38.1
Perpignan,ground_mammal,ec_real_ha,True,9,1707.1,1835.244,6.7,92.1,1.3
Perpignan,ground_reptile,connected_habitat_pct,True,9,23.1,30.333,9.6,86.3,4.0
Perpignan,ground_reptile,n_subnetworks,True,9,14.0,15.222,13.7,80.4,6.0
Perpignan,ground_reptile,ec_real_ha,True,9,270.1,354.278,9.7,86.3,4.0
Perpignan,arboreal_mammal,connected_habitat_pct,True,9,27.7,38.644,4.7,94.4,0.9
Perpignan,arboreal_mammal,n_subnetworks,True,9,3.0,6.889,32.4,46.7,20.9
Perpignan,arboreal_mammal,ec_real_ha,True,9,208.9,291.044,4.7,94.3,0.9
Perpignan,forest_edge_bird,connected_habitat_pct,True,9,27.3,39.389,4.6,93.9,1.5
Perpignan,forest_edge_bird,n_subnetworks,True,9,5.0,10.778,29.9,54.4,15.7
Perpignan,forest_edge_bird,ec_real_ha,True,9,388.6,560.911,4.7,93.9,1.5
Nancy,ground_mammal,connected_habitat_pct,True,9,71.0,72.944,10.9,86.5,2.6
Nancy,ground_mammal,n_subnetworks,True,9,1.0,1.111,25.0,25.0,50.0
Nancy,ground_mammal,ec_real_ha,True,9,4916.3,5051.5,10.9,86.5,2.6
Nancy,ground_reptile,connected_habitat_pct,True,9,23.2,29.556,9.9,84.2,5.8
Nancy,ground_reptile,n_subnetworks,True,9,7.0,13.556,26.0,60.9,13.1
Nancy,ground_reptile,ec_real_ha,True,9,479.3,611.656,9.9,84.2,5.8
Nancy,arboreal_mammal,connected_habitat_pct,True,9,56.5,64.144,4.3,95.6,0.0
Nancy,arboreal_mammal,n_subnetworks,True,9,1.0,2.0,40.9,19.7,39.4
Nancy,arboreal_mammal,ec_real_ha,True,9,2675.5,3037.189,4.3,95.7,0.0
Nancy,forest_edge_bird,connected_habitat_pct,True,9,52.1,60.578,3.9,95.9,0.2
Nancy,forest_edge_bird,n_subnetworks,True,9,1.0,5.556,28.8,31.7,39.5
Nancy,forest_edge_bird,ec_real_ha,True,9,2467.9,2868.056,3.9,95.9,0.2
LaRochelle,ground_mammal,connected_habitat_pct,True,9,40.1,49.9,5.1,93.7,1.2
LaRochelle,ground_mammal,n_subnetworks,True,9,1.0,2.778,32.2,26.3,41.5
LaRochelle,ground_mammal,ec_real_ha,True,9,2631.5,3272.167,5.1,93.8,1.2
LaRochelle,ground_reptile,connected_habitat_pct,True,9,33.5,37.922,7.0,92.4,0.6
LaRochelle,ground_reptile,n_subnetworks,True,9,14.0,45.556,28.5,57.4,14.1
LaRochelle,ground_reptile,ec_real_ha,True,9,1626.8,1842.078,7.0,92.4,0.6
LaRochelle,arboreal_mammal,connected_habitat_pct,True,9,17.1,22.322,9.0,84.2,6.8
LaRochelle,arboreal_mammal,n_subnetworks,True,9,11.0,24.222,21.9,67.0,11.1
LaRochelle,arboreal_mammal,ec_real_ha,True,9,253.0,330.2,9.0,84.2,6.8
LaRochelle,forest_edge_bird,connected_habitat_pct,True,9,15.1,19.511,7.9,85.4,6.7
LaRochelle,forest_edge_bird,n_subnetworks,True,9,28.0,38.222,11.8,79.2,8.9
LaRochelle,forest_edge_bird,ec_real_ha,True,9,222.9,288.556,7.8,85.5,6.7
LRSY,ground_mammal,connected_habitat_pct,True,9,82.8,83.0,14.5,80.9,4.6
LRSY,ground_mammal,n_subnetworks,True,9,1.0,1.0,,,
LRSY,ground_mammal,ec_real_ha,True,9,20863.9,20917.533,14.5,80.8,4.7
LRSY,ground_reptile,connected_habitat_pct,True,9,16.2,24.522,7.9,88.5,3.6
LRSY,ground_reptile,n_subnetworks,True,9,3.0,12.222,29.3,32.6,38.1
LRSY,ground_reptile,ec_real_ha,True,9,2321.4,3519.344,7.9,88.5,3.6
LRSY,arboreal_mammal,connected_habitat_pct,True,9,27.5,38.056,6.2,92.9,1.0
LRSY,arboreal_mammal,n_subnetworks,True,9,1.0,3.0,31.3,26.1,42.6
LRSY,arboreal_mammal,ec_real_ha,True,9,2747.3,3798.067,6.1,92.9,1.0
LRSY,forest_edge_bird,connected_habitat_pct,True,9,19.4,31.833,4.5,93.3,2.2
LRSY,forest_edge_bird,n_subnetworks,True,9,1.0,9.556,33.5,34.5,32.0
LRSY,forest_edge_bird,ec_real_ha,True,9,1932.2,3175.222,4.5,93.3,2.2
Toulouse,ground_mammal,connected_habitat_pct,True,9,51.5,58.589,6.5,93.2,0.4
Toulouse,ground_mammal,n_subnetworks,True,9,1.0,1.333,25.0,25.0,50.0
Toulouse,ground_mammal,ec_real_ha,True,9,7674.2,8725.567,6.5,93.1,0.4
Toulouse,ground_reptile,connected_habitat_pct,True,9,8.6,11.856,9.7,84.0,6.3
Toulouse,ground_reptile,n_subnetworks,True,9,8.0,54.222,36.7,43.9,19.4
Toulouse,ground_reptile,ec_real_ha,True,9,441.6,606.378,9.7,84.1,6.3
Toulouse,arboreal_mammal,connected_habitat_pct,True,9,26.7,37.378,6.0,92.2,1.9
Toulouse,arboreal_mammal,n_subnetworks,True,9,1.0,7.333,28.0,28.1,43.9
Toulouse,arboreal_mammal,ec_real_ha,True,9,2445.3,3423.1,6.0,92.1,1.9
Toulouse,forest_edge_bird,connected_habitat_pct,True,9,21.4,32.711,5.3,91.5,3.3
Toulouse,forest_edge_bird,n_subnetworks,True,9,3.0,21.889,29.9,31.6,38.4
Toulouse,forest_edge_bird,ec_real_ha,True,9,1964.8,2996.322,5.3,91.4,3.3
